{"accuracy": [0.8684054613113403, 0.8983402252197266, 0.8959691524505615, 0.9196798801422119, 0.9238292574882507, 0.9339063167572021, 0.942797839641571, 0.9475399851799011, 0.9537640810012817, 0.9579134583473206], "loss": [0.3575064241886139, 0.2740621566772461, 0.26626574993133545, 0.21836316585540771, 0.18963925540447235, 0.17074930667877197, 0.1507961004972458, 0.1328510046005249, 0.11768842488527298, 0.10989000648260117], "val_accuracy": [0.8908659815788269, 0.8873072266578674, 0.8944246768951416, 0.9134045243263245, 0.8944246768951416, 0.8896797299385071, 0.9027283787727356, 0.9086595773696899, 0.9039145708084106, 0.9110320210456848], "val_loss": [0.3043196201324463, 0.3102498948574066, 0.2843180298805237, 0.2461550235748291, 0.2821522653102875, 0.3204783499240875, 0.2581217885017395, 0.24089321494102478, 0.25262781977653503, 0.2519291639328003]}